idx,Text,Score
1,Please send help my house is on fire!, fire
2,I need the fire department right away there's a fire in my kitchen., fire
3,My apartment building is on fire please send firefighters!, fire
4,There's a fire in the garage please come quickly!, fire
5,My neighbor's house is on fire please send help!, fire
6,The office building is on fire please send firefighters!, fire
7,I can see smoke and flames please come quickly!, fire
8,The fire is getting bigger we need help now!, fire
9,We can't put out the fire we need professional help!, fire
10,Help! There's a fire in the attic!, fire
11,The fire is spreading we need help urgently!, fire
12,Please send firefighters my cat is trapped in the house!, fire
13,My kitchen is on fire please send help!, fire
14,My clothes caught on fire please help me!, fire
15,We need help the whole house is on fire!, fire
16,There's a fire in the backyard please send firefighters!, fire
17,Help! The stove caught on fire!, fire
18,There's a fire in the bathroom please send help!, fire
19,I can't breathe there's a lot of smoke!, fire
20,We need help the fire is blocking our escape!, fire
21,My car is on fire please send firefighters!, fire
22,Help! The grill caught on fire!, fire
23,The building is on fire please send help!, fire
24,The fire is out of control we need help!, fire
25,My hair is on fire please help me!, fire
26,There's a fire in the basement please come quickly!, fire
27,We need help the fire is near the gas tank!, fire
28,There's a fire in the garage please send help!, fire
29,Help! The curtains caught on fire!, fire
30,My restaurant is on fire please send firefighters!, fire
31,The fire is too big we need help now!, fire
32,Please send help there's a fire in the laundry room!, fire
33,The fire is on the roof please come quickly!, fire
34,Help! There's a fire in the bedroom!, fire
35,We need help the fire is near the electrical panel!, fire
36,My store is on fire please send help!, fire
37,The fire is spreading to the other rooms we need help!, fire
38,Please send firefighters my child is trapped inside!, fire
39,We need help the smoke is getting thicker!, fire
40,There's a fire in the closet please come quickly!, fire
41,Help! The Christmas tree caught on fire!, fire
42,The fire is in the chimney please send firefighters!, fire
43,My office is on fire please send help!, fire
44,We need help the fire is blocking the stairs!, fire
45,The fire is on the balcony please come quickly!, fire
46,Help! There's a fire in the living room!, fire
47,The fire is near the gas stove please send help!, fire
48,We need help the fire is near the propane tank!, fire
49,Please send firefighters the fire is near the power lines!, fire
50,There's a fire in the attic please come quickly!, fire
51,Help! There's a fire in the shed!, fire
52,The fire is in the fireplace please send firefighters!, fire
53,We need help the fire is in the air conditioning unit!, fire
54,The fire is in the trash can please come quickly!, fire
55,Help! There's a fire in the closet!, fire
56,The fire is in the microwave please send help!, fire
57,We need help! There's a fire!, fire
58,The fire is in the elevator please send firefighters!, fire
59,Help! There's a fire in the hallway!, fire
60,The fire is in the storage room please come quickly!, fire
61,We need help the fire is in the car engine!, fire
62,The fire is in the fuse box please send help!, fire
63,Please send firefighters the fire is in the dumpster!, fire
64,There's a fire in the laundry dryer please come quickly!, fire
65,Help! The lamp caught on fire!, fire
66,The fire is in the heating system please send firefighters!, fire
67,We need help the fire is in the attic insulation!, fire
68,The fire is in the water heater please come quickly!, fire
69,Help! There's a fire in the backyard shed!, fire
70,The fire is in the generator please send help!, fire
71,We need help the fire is near the propane grill!, fire
72,The fire is in the pool house please come quickly!, fire
73,Help! There's a fire in the barn!, fire
74,The fire is in the hay bales please send firefighters!, fire
75,We need help the fire is in the machinery shed!, fire
76,The fire is in the grain silo please come quickly!, fire
77,Help! There's a fire in the greenhouse!, fire
78,The fire is in the farm equipment please send help!, fire
79,We need help the fire is in the workshop!, fire
80,The fire is in the welding equipment please come quickly!, fire
81,Help! There's a fire in the storage container!, fire
82,The fire is in the industrial machinery please send firefighters!, fire
83,We need help the fire is in the manufacturing plant!, fire
84,The fire is in the warehouse please come quickly!, fire
85,Help! There's a fire in the high-rise building!, fire
86,The fire is in the elevator shaft please send help!, fire
87,We need help the fire is on the top floor!, fire
88,The fire is in the utility room please come quickly!, fire
89,Help! There's a fire in the theater!, fire
90,The fire is in the stage equipment please send firefighters!, fire
91,We need help the fire is in the dressing room!, fire
92,The fire is in the electrical wiring please come quickly!, fire
93,Help! There's a fire in the shopping mall!, fire
94,The fire is in the food court please send help!, fire
95,We need help the fire is in the department store!, fire
96,The fire is in the parking garage please come quickly!, fire
97,Help! There's a fire in the hotel!, fire
98,The fire is in the kitchen please send firefighters!, fire
99,We need help the fire is in the conference room!, fire
100,Help there's a fire in the building!, fire
101,We have a fire here we need assistance!, fire
102,Please send the fire department immediately!, fire
103,The building is on fire we need help!, fire
104,There's smoke everywhere we need help!, fire
105,This is an emergency there's a fire in the building!, fire
106,The building is burning please send help!, fire
107,We need help there's a fire in the building!, fire
108,Fire we need assistance!, fire
109,We're trapped in the building there's a fire!, fire
110,There's a fire please send help right away!, fire
111,We need the fire department the building is on fire!, fire
112,Please hurry the building is on fire!, fire
113,We're in danger there's a fire in the building!, fire
114,This is not a drill there's a fire in the building!, fire
115,The fire is spreading we need help!, fire
116,There's a fire we can't get out!, fire
117,We need to evacuate there's a fire in the building!, fire
118,The building is engulfed in flames we need help!, fire
119,The smoke is too thick we need assistance!, fire
120,The fire is getting closer please send help!, fire
121,We need help the building is on fire!, fire
122,There's a fire we're trapped!, fire
123,We need the fire department the building is on fire!, fire
124,Please send help there's a fire in the building!, fire
125,We're in trouble there's a fire!, fire
126,The fire is out of control we need help!, fire
127,We can't get out there's a fire in the building!, fire
128,The building is on fire we need immediate assistance!, fire
129,We need help there's a fire and it's spreading!, fire
130,Please hurry the building is on fire!, fire
131,The fire is getting closer we need help!, fire
132,There's a fire we need assistance!, fire
133,The building is burning down we need help!, fire
134,We need the fire department there's a fire in the building!, fire
135,The smoke is making it hard to breathe we need help!, fire
136,Please send help there's a fire and we're trapped!, fire
137,We're in danger there's a fire in the building!, fire
138,We need to get out there's a fire!, fire
139,The building is on fire we need help immediately!, fire
140,There's a fire we can't find a way out!, fire
141,The fire is spreading quickly we need help!, fire
142,The flames are getting bigger we need assistance!, fire
143,We need the fire department there's a fire in the building!, fire
144,The building is on fire please send help!, fire
145,We're in trouble there's a fire and we can't get out!, fire
146,The fire is blocking our escape we need help!, fire
147,We need assistance there's a fire in the building!, fire
148,There's a fire we need to evacuate now!, fire
149,The building is on fire we need help immediately!, fire
150,Help! I think I'm having a heart attack!, medical
151,We need an ambulance! My friend has stopped breathing!, medical
152,There's been a car accident and someone is injured please send help!, medical
153,Help! My child has swallowed something and is choking!, medical
154,We need an ambulance! My wife is having a seizure!, medical
155,Someone has fallen and can't get up please send help!, medical
156,Help! My father has a severe allergic reaction!, medical
157,We need an ambulance! My sister has fainted!, medical
158,There's been a workplace injury please send help!, medical
159,Help! My baby is unresponsive and won't wake up!, medical
160,We need an ambulance! My brother is having a diabetic emergency!, medical
161,Someone has been bitten by a poisonous snake please send help!, medical
162,Help! My husband has a severe headache and is disoriented!, medical
163,We need an ambulance! My friend has been shot!, medical
164,There's been a hiking accident and someone is injured please send help!, medical
165,Help! My daughter has a deep cut and is bleeding heavily!, medical
166,We need an ambulance! My neighbor is having a stroke!, medical
167,Someone has fallen from a ladder please send help!, medical
168,Help! My mother is having a panic attack and can't breathe!, medical
169,We need an ambulance! My colleague has a severe asthma attack!, medical
170,There's been a house fire and someone is injured please send help!, medical
171,Help! My son is having a severe allergic reaction to food!, medical
172,We need an ambulance! My friend has been electrocuted!, medical
173,Someone has been attacked and needs medical attention please send help!, medical
174,Help! My wife is having a severe migraine and can't see!, medical
175,We need an ambulance! My brother has been hit by a car!, medical
176,There's been a boating accident and someone is injured please send help!, medical
177,Help! My father is having a severe back pain and can't move!, medical
178,We need an ambulance! My sister has a high fever and is delirious!, medical
179,Someone has fallen down the stairs please send help!, medical
180,Help! My baby is having a severe allergic reaction to a medication!, medical
181,We need an ambulance! My friend has been bitten by a dog!, medical
182,There's been a construction site accident and someone is injured please send help!, medical
183,Help! My husband is having a severe stomach ache and is vomiting!, medical
184,We need an ambulance! My colleague has been stabbed!, medical
185,Someone has been injured during a sports game please send help!, medical
186,Help! My daughter has a severe asthma attack and can't breathe!, medical
187,We need an ambulance! My neighbor has fallen and broken their leg!, medical
188,There's been a skiing accident and someone is injured please send help!, medical
189,Help! My son is having a severe headache and is dizzy!, medical
190,We need an ambulance! My friend has a deep cut and needs stitches!, medical
191,Someone has been trapped in a car accident please send help!, medical
192,Help! My wife is having a severe allergic reaction to a bee sting!, medical
193,We need an ambulance! My brother has a severe burn from hot water!, medical
194,There's been a cycling accident and someone is injured please send help!, medical
195,Help! My father is having a severe chest pain and is sweating profusely!, medical
196,We need an ambulance! My sister has fallen and hit her head!, medical
197,Someone has been bitten by a venomous spider please send help!, medical
198,Help! My baby is having a severe cough and difficulty breathing!, medical
199,We need an ambulance! My friend is having a severe panic attack!, medical
200,There's been a workplace accident and someone is injured please send help!, medical
201,Help! My husband is having a severe allergic reaction to medication!, medical
202,We need an ambulance! My colleague has fainted and is unresponsive!, medical
203,Someone has been injured in a fire please send help!, medical
204,Help! My daughter has a severe burn from hot oil!, medical
205,We need an ambulance! My neighbor is having a severe nosebleed!, medical
206,There's been a hiking accident and someone has a broken bone please send help!, medical
207,Help! My son is having a severe allergic reaction to pollen!, medical
208,We need an ambulance! My friend has been hit by a falling object!, medical
209,Someone has been bitten by a poisonous spider please send help!, medical
210,Help! My wife is having a severe stomach pain and is vomiting blood!, medical
211,We need an ambulance! My brother has been stabbed in the chest!, medical
212,There's been a car accident and someone has a head injury please send help!, medical
213,Help! My father is having a severe nosebleed and is dizzy!, medical
214,We need an ambulance! My sister has a severe migraine and can't see!, medical
215,Someone has been injured in a sports game and is unconscious please send help!, medical
216,Help! My baby has a severe rash and is crying uncontrollably!, medical
217,We need an ambulance! My friend is having a seizure and is convulsing!, medical
218,There's been a workplace injury and someone has a broken arm please send help!, medical
219,Help! My husband is having a severe allergic reaction to shellfish!, medical
220,We need an ambulance! My colleague is having a severe headache and is vomiting!, medical
221,Someone has been injured in a boating accident please send help!, medical
222,Help! My daughter is having a severe stomach ache and is constipated!, medical
223,We need an ambulance! My neighbor has fallen down the stairs and has a broken ankle!, medical
224,There's been a hiking accident and someone has a twisted ankle please send help!, medical
225,Help! My son has a severe burn from touching hot metal!, medical
226,We need an ambulance! My friend has been hit by a car and is bleeding!, medical
227,Someone has been bitten by a venomous snake please send help!, medical
228,Help! My wife is having a severe allergic reaction to insect bites!, medical
229,We need an ambulance! My brother has a severe chest pain and is short of breath!, medical
230,There's been a house fire and someone has smoke inhalation please send help!, medical
231,Help! My father is having a severe stomach ache and is constipated!, medical
232,We need an ambulance! My sister has a severe headache and is sensitive to light!, medical
233,Someone has been injured in a construction site accident please send help!, medical
234,Help! My baby has a severe fever and is vomiting!, medical
235,We need an ambulance! My friend has a severe nosebleed and can't stop it!, medical
236,There's been a skiing accident and someone has a broken leg please send help!, medical
237,Help! My husband has a severe burn from hot oil!, medical
238,We need an ambulance! My colleague has a severe chest pain and is sweating!, medical
239,Someone has been bitten by a venomous insect please send help!, medical
240,Help! My daughter has a severe headache and is feeling dizzy!, medical
241,We need an ambulance! My neighbor has a severe allergic reaction to medication!, medical
242,There's been a cycling accident and someone has a broken arm please send help!, medical
243,Help! My son has a severe asthma, medical
244,Someone has been injured in a skateboarding accident please send help!, medical
245,Help! My wife is having a severe allergic reaction to food!, medical
246,We need an ambulance! My brother has a severe back pain and can't move!, medical
247,There's been a workplace accident and someone has a concussion please send help!, medical
248,Help! My father is having a severe heart attack we need an ambulance immediately!, medical
249,We need an ambulance! My friend has fallen down the stairs and is unconscious!, medical
250,Help I need medical attention!, medical
251,I need an ambulance please!, medical
252,Can someone call an ambulance for me?, medical
253,Please send help I'm having a medical emergency!, medical
254,I'm in pain I need medical help!, medical
255,I need to see a doctor right away!, medical
256,Please help me I'm feeling very ill!, medical
257,I'm having trouble breathing I need medical attention!, medical
258,This is an emergency I need medical help!, medical
259,I've been injured please send an ambulance!, medical
260,Can someone please call for medical assistance?, medical
261,I need urgent medical care!, medical
262,Please hurry I need medical attention!, medical
263,I'm feeling faint I need medical help!, medical
264,I'm having a heart attack I need an ambulance!, medical
265,I'm feeling dizzy I need medical assistance!, medical
266,I need help I've been bitten by a snake!, medical
267,I'm having a seizure I need medical attention!, medical
268,Please send help I'm bleeding!, medical
269,I'm feeling very weak I need medical assistance!, medical
270,I've been poisoned please send an ambulance!, medical
271,I need medical help I've been stung by a bee!, medical
272,I'm having a stroke I need an ambulance!, medical
273,I need medical attention I've broken a bone!, medical
274,Can someone please call for medical help?, medical
275,I'm feeling sick I need to see a doctor!, medical
276,Please send an ambulance I'm having chest pains!, medical
277,I'm having an allergic reaction I need medical assistance!, medical
278,I need help I've been burned!, medical
279,I'm having a panic attack I need medical attention!, medical
280,elp I need medical attention!, medical
281,I need an ambulance please!, medical
282,Can someone call an ambulance for me?, medical
283,Please send help I'm having a medical emergency!, medical
284,I'm in pain I need medical help!, medical
285,I need to see a doctor right away!, medical
286,Please help me I'm feeling very ill!, medical
287,I'm having trouble breathing I need medical attention!, medical
288,This is an emergency I need medical help!, medical
289,I've been injured please send an ambulance!, medical
290,Can someone please call for medical assistance?, medical
291,I need urgent medical care!, medical
292,Please hurry I need medical attention!, medical
293,I'm feeling faint I need medical help!, medical
294,I'm having a heart attack I need an ambulance!, medical
295,I'm feeling dizzy I need medical assistance!, medical
296,I need help I've been bitten by a snake!, medical
297,I'm having a seizure I need medical attention!, medical
298,Please send help I'm bleeding!, medical
299,I'm feeling very weak I need medical assistance!, medical
300,I've been poisoned please send an ambulance!, medical
301,I need medical help I've been stung by a bee!, medical
302,I'm having a stroke I need an ambulance!, medical
303,I need medical attention I've broken a bone!, medical
304,Can someone please call for medical help?, medical
305,I'm feeling sick I need to see a doctor!, medical
306,Please send an ambulance I'm having chest pains!, medical
307,I'm having an allergic reaction I need medical assistance!, medical
308,I need help I've been burned!, medical
309,I'm having a panic attack I need medical attention!, medical
310,I'm feeling very cold I need medical help!, medical
311,I need medical assistance I've been electrocuted!, medical
312,I'm feeling very hot I need medical attention!, medical
313,I need help I've been shot!, medical
314,Please send help I've been in a car accident and I'm injured!, medical
315,I need medical assistance I've been stabbed!, medical
316,I'm feeling very anxious I need medical help!, medical
317,I'm feeling very depressed I need to see a doctor!, medical
318,I need help I've been hit by a car!, medical
319,I'm feeling very nauseous I need medical attention!, medical
320,I need medical help I've been in a fight and I'm injured!, medical
321,I'm having a diabetic emergency I need an ambulance!, medical
322,I'm feeling very thirsty I need medical assistance!, medical
323,I need help I've been attacked by a dog!, medical
324,I'm feeling very tired I need medical attention!, medical
325,Please send an ambulance I've been in a boating accident and I'm injured!, medical
326,I need medical help I'm having a severe headache!, medical
327,I'm feeling very stressed I need medical assistance!, medical
328,I'm having trouble seeing I need medical attention!, medical
329,Please send help I'm in need of medical assistance!, medical
330,I'm feeling very cold I need medical help!, medical
331,I need medical assistance I've been electrocuted!, medical
332,I'm feeling very hot I need medical attention!, medical
333,I need help I've been shot!, medical
334,Please send help I've been in a car accident and I'm injured!, medical
335,I need medical assistance I've been stabbed!, medical
336,I'm feeling very anxious I need medical help!, medical
337,I'm feeling very depressed I need to see a doctor!, medical
338,I need help I've been hit by a car!, medical
339,I'm feeling very nauseous I need medical attention!, medical
340,I need medical help I've been in a fight and I'm injured!, medical
341,I'm having a diabetic emergency I need an ambulance!, medical
342,I'm feeling very thirsty I need medical assistance!, medical
343,I need help I've been attacked by a dog!, medical
344,I'm feeling very tired I need medical attention!, medical
345,Please send an ambulance I've been in a boating accident and I'm injured!, medical
346,I need medical help I'm having a severe headache!, medical
347,I'm feeling very stressed I need medical assistance!, medical
348,I'm having trouble seeing I need medical attention!, medical
349,Please send help I'm in need of medical assistance!, medical
350,Emergency  car has hit a pedestrian and they need immediate assistance, car_accident
351,We require an ambulance immediately as  driver has collided with another vehicle, car_accident
352,Please send help right away!  car has crashed into a building and is in dire need of assistance, car_accident
353,We need an ambulance for  driver who has been in a car accident and is experiencing chest pains, car_accident
354,Help!  car has overturned and there are multiple injuries, car_accident
355,We require immediate assistance for  car accident victim who is experiencing severe pain, car_accident
356,Please send help!  car has crashed into a tree and the driver is unconscious, car_accident
357,We need an ambulance for  driver who has been involved in a car accident and is experiencing difficulty breathing, car_accident
358,Help!  car has hit a pole and there are multiple injuries that need immediate attention, car_accident
359,We require an ambulance immediately for  car accident victim who is complaining of a headache, car_accident
360,Please send help!  car has collided with another vehicle and both drivers need medical attention, car_accident
361,We need assistance for  car accident victim who has lost consciousness, car_accident
362,Help!  car has hit a cyclist and they are in critical condition, car_accident
363,We require immediate assistance for  driver who has been involved in a car accident and is experiencing back pain, car_accident
364,Please send help!  car has crashed into a wall and the driver needs medical attention, car_accident
365,We need an ambulance for  driver who has been involved in a car accident and is experiencing leg pain, car_accident
366,Help!  car has hit a pedestrian and they are not breathing, car_accident
367,We require immediate assistance for  driver who has been in a car accident and is experiencing neck pain, car_accident
368,Please send help!  car has hit a pole and the driver is in critical condition, car_accident
369,We need an ambulance for  driver who has been involved in a car accident and is experiencing abdominal pain, car_accident
370,Help!  car has collided with a truck and there are multiple injuries that require medical attention, car_accident
371,We require immediate assistance for  car accident victim who is complaining of chest pain, car_accident
372,Please send help!  car has crashed into a wall and there are multiple injuries, car_accident
373,We need an ambulance for  driver who has been involved in a car accident and is experiencing shoulder pain, car_accident
374,Help!  car has hit a pedestrian and they have suffered head injuries, car_accident
375,We require immediate assistance for  car accident victim who is complaining of back pain, car_accident
376,Please send help!  car has hit a tree and the driver needs medical attention, car_accident
377,We need an ambulance for  driver who has been involved in a car accident and is experiencing foot pain, car_accident
378,Help!  car has collided with a bus and there are multiple injuries that require medical attention, car_accident
379,We require immediate assistance for  car accident victim who is complaining of arm pain, car_accident
380,Please send help!  car has crashed into a wall and there are serious injuries, car_accident
381,We need an ambulance for  driver who has been involved in a car accident and is experiencing hip pain, car_accident
382,Help!  car has hit a pedestrian and they need immediate assistance, car_accident
383,We require immediate assistance for  car accident victim who is complaining of a broken leg, car_accident
384,Please send help!  car has hit a pole and the driver is in critical condition, car_accident
385,We need an ambulance for  driver who has been involved in a car accident and is experiencing facial injuries, car_accident
386,Help!  car has collided with another vehicle and there are multiple injuries, car_accident
387,We require immediate assistance for  car accident victim who is complaining of a broken arm, car_accident
388,Please send help!  car hit a ma, car_accident
389,Please send help!  car has crashed into a ditch and the driver is trapped, car_accident
390,We need an ambulance for  driver who has been involved in a car accident and is experiencing internal injuries, car_accident
391,Someone has been hit by  car and is bleeding profusely please send help, car_accident
392,We require immediate assistance for  car accident victim who is complaining of a broken collarbone, car_accident
393,Please send help!  car has hit a wall and there are multiple injuries, car_accident
394,We need an ambulance for  driver who has been involved in a car accident and is experiencing facial lacerations, car_accident
395,Help!  car has collided with another vehicle and there are several people injured, car_accident
396,We require immediate assistance for  car accident victim who is complaining of a broken wrist, car_accident
397,Please send help!  car has crashed into a ditch and the driver is unconscious, car_accident
398,We need an ambulance for  driver who has been involved in a car accident and is experiencing whiplash, car_accident
399,Help!  car has hit a pedestrian and they are bleeding heavily, car_accident
400,We require immediate assistance for  car accident victim who is complaining of a broken ankle, car_accident
401,Please send help!  car has hit a pole and there are serious injuries, car_accident
402,We need an ambulance for  driver who has been involved in a car accident and is experiencing disorientation, car_accident
403,Help!  car has collided with another vehicle and there are people trapped inside, car_accident
404,We require immediate assistance for  car accident victim who is complaining of a broken rib, car_accident
405,Please send help!  car has hit a wall and there are serious injuries, car_accident
406,We need an ambulance for  driver who has been involved in a car accident and is experiencing internal bleeding, car_accident
407,Help!  car has hit a cyclist and they need immediate medical attention, car_accident
408,We require immediate assistance for  car accident victim who is complaining of a broken nose, car_accident
409,Please send help!  car has collided with a pedestrian and both require medical attention, car_accident
410,We need an ambulance for  driver who has been involved in a car accident and is experiencing a concussion, car_accident
411,Help!  car has hit a pole and there are people trapped inside, car_accident
412,We require immediate assistance for  car accident victim who is complaining of a broken finger, car_accident
413,Please send help!  car has collided with another vehicle and there are multiple injuries, car_accident
414,We need an ambulance for  driver who has been involved in a car accident and is experiencing a spinal injury, car_accident
415,Help!  car has hit a pedestrian and they are in critical condition, car_accident
416,We require immediate assistance for  car accident victim who is complaining of a broken collarbone and leg, car_accident
417,Please send help!  car has collided with a tree and the driver needs medical attention, car_accident
418,We need an ambulance for  driver who has been involved in a car accident and is experiencing a head injury, car_accident
419,Help!  car has hit a pedestrian and they are not breathing, car_accident
420,We require immediate assistance for  car accident victim who is complaining of a broken jaw, car_accident
421,Please send help!  car has crashed into a building and there are multiple injuries, car_accident
422,We need an ambulance for  driver who has been involved in a car accident and is experiencing a broken spine, car_accident
423,Help!  car has hit a cyclist and they are bleeding heavily, car_accident
424,We require immediate assistance for  car accident victim who is complaining of a broken foot and ankle, car_accident
425,Please send help!  car has collided with another vehicle and there are people trapped inside, car_accident
426,We need an ambulance for  driver who has been involved in a car accident and is experiencing a broken pelvis, car_accident
427,Help!  car has hit a pedestrian and they have suffered multiple injuries, car_accident
428,Help!  car has hit a pedestrian and they have suffered serious head injuries, car_accident
429,We require immediate assistance for  car accident victim who is complaining of a broken tibia and fibula, car_accident
430,Please send help!  car has collided with a wall and there are multiple injuries, car_accident
431,We need an ambulance for  driver who has been involved in a car accident and is experiencing neck pain, car_accident
432,Help!  car has hit a cyclist and they are experiencing severe bleeding, car_accident
433,We require immediate assistance for  car accident victim who is complaining of a broken arm and leg, car_accident
434,Please send help!  car has collided with another vehicle and there are people trapped inside, car_accident
435,We need an ambulance for  driver who has been involved in a car accident and is experiencing a punctured lung, car_accident
436,Help!  car has hit a pedestrian and they are not conscious, car_accident
437,We require immediate assistance for  car accident victim who is complaining of a broken clavicle and humerus, car_accident
438,Please send help!  car has collided with a tree and the driver needs immediate medical attention, car_accident
439,We need an ambulance for  driver who has been involved in a car accident and is experiencing a ruptured spleen, car_accident
440,We require immediate assistance for a person who has been shot and is in critical condition, car_accident
441,There is a person who is being threatened with violence and intimidation by someone they know, car_accident
442,We need help to protect a person who is at risk of being the victim of a violent crime, car_accident
443,There is a person who is being targeted with violent and hateful behavior based on their political beliefs, car_accident
444,We need assistance dealing with a violent and dangerous riot that has broken out in the city, car_accident
445,There is a person who is being subjected to violent and abusive behavior by their partner, car_accident
446,We need help to diffuse a situation before it turns violent and potentially deadly, car_accident
447,There is a person who is being held captive and subjected to violent and cruel treatment, car_accident
448,Please send help urgently! A person is being threatened with harm by a group of people, car_accident
449,We need assistance dealing with a violent and dangerous protest that has turned chaotic, car_accident
450,There is a person who is being targeted with violent and hateful behavior based on their socioeconomic status, car_accident
451,We need help to prevent a violent and dangerous individual from causing harm to themselves or others, car_accident
452,Help there's been an accident!, car_accident
453,I've been in a car accident please send help!, car_accident
454,Someone please call for emergency assistance!, car_accident
455,We've been in an accident we need help!, car_accident
456,Please send an ambulance there's been a crash!, car_accident
457,I'm trapped I need help getting out!, car_accident
458,I've been injured please send an ambulance!, car_accident
459,Can someone please call for help we're in an accident!, car_accident
460,This is an emergency we need help now!, car_accident
461,We've been in a collision please send help!, car_accident
462,I need assistance I can't move!, car_accident
463,Please hurry there's been an accident!, car_accident
464,I'm bleeding I need medical assistance!, car_accident
465,We need help we're stuck in our car!, car_accident
466,We've been in an accident please send help right away!, car_accident
467,Please help us there's been a serious accident!, car_accident
468,We've had a car crash we need an ambulance!, car_accident
469,Can someone please call for assistance we're in trouble!, car_accident
470,We need help our car is on fire!, car_accident
471,I'm in shock please send an ambulance!, car_accident
472,There's been a major accident we need help!, car_accident
473,We've been hit by another car we need assistance!, car_accident
474,We need help we're stranded on the side of the road!, car_accident
475,I'm feeling dizzy I need medical assistance!, car_accident
476,Can someone please call for help we're in a bad accident!, car_accident
477,We need help there's been a pile-up!, car_accident
478,We've had an accident please send help!, car_accident
479,I'm injured please send an ambulance!, car_accident
480,We need assistance there's been a multi-car accident!, car_accident
481,Can someone please call for emergency services we're in an accident!, car_accident
482,We need help our car is upside down!, car_accident
483,I'm feeling very anxious I need help!, car_accident
484,There's been a head-on collision we need assistance!, car_accident
485,We're trapped in our car we need help getting out!, car_accident
486,We need help our car is sinking in water!, car_accident
487,I'm in pain I need medical assistance!, car_accident
488,We need assistance there's been a hit-and-run!, car_accident
489,We're stuck in a ditch we need help!, car_accident
490,There's been an accident please send help quickly!, car_accident
491,We need assistance our car is about to explode!, car_accident
492,I'm having trouble breathing I need medical help!, car_accident
493,Can someone please call for an ambulance we're in an accident!, car_accident
494,We've had a serious accident we need help!, car_accident
495,We need assistance there's been a rollover!, car_accident
496,Our car is on fire please send help!, car_accident
497,We've been in a bad crash please send an ambulance!, car_accident
498,I'm feeling very scared I need help!, car_accident
499,We need assistance our car is teetering on a cliff!, car_accident
500,Can someone please call for help we're in a major accident!, car_accident
501,There's been a terrible accident we need assistance urgently!, car_accident
502,We need urgent assistance due to flooding caused by heavy rain, natural_disasters
503,There is a landslide that has blocked a major road and we need help clearing it, natural_disasters
504,Our house has been severely damaged by a tornado and we need help, natural_disasters
505,An earthquake has caused widespread destruction and we need urgent help to rescue survivors, natural_disasters
506,We need to evacuate our home due to an approaching forest fire, natural_disasters
507,A flash flood has trapped a group of people and we need assistance to rescue them, natural_disasters
508,We need help to restore power and communication lines disrupted by a severe storm, natural_disasters
509,There is a volcanic eruption that is endangering nearby residents and we need help to evacuate them, natural_disasters
510,We need assistance to clear debris and repair damages caused by a hurricane, natural_disasters
511,A snowstorm has stranded a group of people and we need help to rescue them, natural_disasters
512,We need help to escape rising floodwaters that have trapped us on the rooftop, natural_disasters
513,A hailstorm has caused extensive damage to our property and we need help to repair it, natural_disasters
514,We need help searching for missing individuals caught in a mudslide, natural_disasters
515,A wildfire has spread rapidly and we need help to contain it, natural_disasters
516,We need to evacuate a group of people stranded on an island due to a tidal wave, natural_disasters
517,A cyclone has caused severe damage to our community and we need urgent help to rebuild it, natural_disasters
518,Our home has been destroyed by a tornado and we need shelter urgently, natural_disasters
519,A blizzard has caused road closures and we need help to clear them, natural_disasters
520,We need assistance to transport a group of people stuck in a flooded area, natural_disasters
521,A thunderstorm has caused power outages and we need help to restore it, natural_disasters
522,A tsunami has devastated our community and we need help to rebuild it, natural_disasters
523,We need assistance to rescue a group of people stuck on a mountain due to a snowstorm, natural_disasters
524,A drought has caused severe water scarcity and we need assistance to provide relief, natural_disasters
525,We need to evacuate our home due to an approaching wildfire, natural_disasters
526,A tornado has caused widespread destruction and we need urgent help to rescue survivors, natural_disasters
527,Our home has been damaged by a severe storm and we need shelter urgently, natural_disasters
528,A volcanic eruption has caused ashfall and we need help to clean it up, natural_disasters
529,We need assistance to repair damages caused by a flood, natural_disasters
530,A heatwave has caused several cases of heatstroke and we need assistance to provide medical aid, natural_disasters
531,We need to evacuate a group of people trapped in a building due to an earthquake, natural_disasters
532,A hurricane has caused extensive damage to our property and we need help to repair it, natural_disasters
533,We need assistance to rescue a group of people stuck on a boat due to a storm, natural_disasters
534,A blizzard has caused severe snowdrifts and we need help to clear them, natural_disasters
535,We need help to transport a group of people stranded in a remote area due to a flash flood, natural_disasters
536,A cyclone has caused widespread destruction and we need urgent help to rescue survivors, natural_disasters
537,Our community has been devastated by a natural disaster and we need help to rebuild it, natural_disasters
538,There is a sinkhole that has formed and we need urgent help to rescue anyone who might be trapped, natural_disasters
539,We need assistance to clear the debris caused by a landslide, natural_disasters
540,A tsunami warning has been issued and we need to evacuate our homes immediately, natural_disasters
541,A tornado has caused severe damage to our property and we need help to repair it, natural_disasters
542,We need assistance to rescue a group of people stuck on , natural_disasters
543,An avalanche has blocked a major road and we need help to clear it, natural_disasters
544,A severe thunderstorm has caused widespread power outages and we need help to restore it, natural_disasters
545,We need assistance to evacuate a group of people trapped in a flooded area, natural_disasters
546,A wildfire has caused significant damage to our property and we need help to rebuild it, natural_disasters
547,We need to transport a group of people stranded in a remote area due to a snowstorm, natural_disasters
548,A hurricane warning has been issued and we need to evacuate our homes immediately, natural_disasters
549,A tornado has touched down causing significant damage to our property and we need help to repair it, natural_disasters
550,We need assistance to rescue a group of people stuck in a cave due to a flash flood, natural_disasters
551,A severe drought has caused significant damage to our crops and we need assistance to provide relief, natural_disasters
552,We need to evacuate our home due to an approaching tornado, natural_disasters
553,A flood has caused severe damage to our property and we need help to repair it, natural_disasters
554,We need help to transport a group of people stranded in a remote area due to a wildfire, natural_disasters
555,A snowstorm warning has been issued and we need to take necessary precautions to stay safe, natural_disasters
556,A cyclone has caused significant damage to our community and we need help to rebuild it, natural_disasters
557,We need assistance to rescue a group of people stuck in a building due to a fire, natural_disasters
558,A severe thunderstorm has caused significant damage to our property and we need help to repair it, natural_disasters
559,We need help to clear the debris caused by a tornado, natural_disasters
560,A tsunami has caused widespread destruction and we need urgent help to rescue survivors, natural_disasters
561,We need to evacuate our home due to an approaching hurricane, natural_disasters
562,A volcanic eruption has caused significant damage to our property and we need help to repair it, natural_disasters
563,We need assistance to transport a group of people stuck on a mountain due to an avalanche, natural_disasters
564,A severe thunderstorm has caused severe flooding and we need help to rescue those trapped, natural_disasters
565,We need to evacuate our home due to an approaching cyclone, natural_disasters
566,A wildfire has caused severe damage to our crops and we need assistance to provide relief, natural_disasters
567,We need help to transport a group of people stranded in a remote area due to a hurricane, natural_disasters
568,A drought has caused significant damage to our property and we need help to rebuild it, natural_disasters
569,We need assistance to rescue a group of people stuck in a car due to a flash flood, natural_disasters
570,A tornado has caused severe damage to our community and we need help to rebuild it, natural_disasters
571,We need to evacuate our home due to an approaching tsunami, natural_disasters
572,A landslide has blocked a major road and we need help to clear it, natural_disasters
573,A severe snowstorm has caused significant damage to our property and we need help to repair it, natural_disasters
574,We need assistance to rescue a group of people stranded in a boat due to a storm, natural_disasters
575,A hurricane has caused significant damage to our infrastructure and we need help to rebuild it, natural_disasters
576,We need to evacuate our home due to an approaching cyclonic storm, natural_disasters
577,A wildfire has caused severe damage to our wildlife and natural habitat and we need help to rehabilitate it, natural_disasters
578,We need assistance to transport a group of people stranded on an island due to a storm, natural_disasters
579,A severe thunderstorm has caused significant damage to our crops and we need assistance to provide relief, natural_disasters
580,We need help to clear the roads blocked by fallen trees caused by a hurricane, natural_disasters
581,A flash flood has caused severe damage to our property and we need help to repair it, natural_disasters
582,We need to evacuate our home due to an approaching volcanic eruption, natural_disasters
583,A severe drought has caused severe water shortage and we need assistance to provide relief, natural_disasters
584,We need assistance to rescue a group of people stranded on a mountain due to a thunderstorm, natural_disasters
585,A cyclonic storm has caused significant damage to our property and we need help to rebuild it, natural_disasters
586,We need help to transport a group of people stuck on a river due to a flood, natural_disasters
587,A severe thunderstorm has caused severe hailstorm and we need help to repair the damages, natural_disasters
588,We need to evacuate our home due to an approaching earthquake, natural_disasters
589,A wildfire has caused severe damage to our forests and we need help to reforest it, natural_disasters
590,We need assistance to rescue a group of people stuck in a lift due to a power outage, natural_disasters
591,A tornado has caused significant damage to our infrastructure and we need help to rebuild it, natural_disasters
592,We need help to clear the roads blocked by landslides caused by heavy rainfall, natural_disasters
593,A flash flood has caused significant damage to our farmlands and we need help to repair it, natural_disasters
594,We need to evacuate our home due to an approaching blizzard, natural_disasters
595,A cyclone has caused significant damage to our communication network and we need help to repair it, natural_disasters
596,We need assistance to rescue a group of people stuck in a stranded boat due to a high tide, natural_disasters
597,A severe thunderstorm has caused significant damage to our electrical infrastructure and we need help to repair it, natural_disasters
598,We need help to clear the debris caused by a severe earthquake, natural_disasters
599,A hurricane has caused significant damage to our coastal infrastructure and we need help to rebuild it, natural_disasters
600,We need assistance to transport a group of people stranded on a highway due to a snowstorm, natural_disasters
601,A severe drought has caused severe damage to our livestock and we need assistance to provide relief, natural_disasters
602,Help there's been a natural disaster!, natural_disasters
603,We need assistance there's been a flood!, natural_disasters
604,I need help there's been an earthquake!, natural_disasters
605,There's been a hurricane please send help!, natural_disasters
606,Please send assistance there's been a tornado!, natural_disasters
607,We need help there's been a wildfire!, natural_disasters
608,We're trapped we need assistance!, natural_disasters
609,We need help there's been a volcanic eruption!, natural_disasters
610,Can someone please call for help there's been a landslide!, natural_disasters
611,We're in danger please send assistance!, natural_disasters
612,We need help there's been a blizzard!, natural_disasters
613,I'm injured please send medical assistance!, natural_disasters
614,We need help there's been a mudslide!, natural_disasters
615,We need assistance there's been a drought!, natural_disasters
616,We're in trouble there's been a hailstorm!, natural_disasters
617,We need help there's been a heat wave!, natural_disasters
618,We're stranded we need assistance!, natural_disasters
619,Can someone please call for help there's been a tsunami!, natural_disasters
620,We need help there's been a snowstorm!, natural_disasters
621,Please send assistance there's been a cyclone!, natural_disasters
622,We need help there's been a typhoon!, natural_disasters
623,We're in trouble there's been a blizzard!, natural_disasters
624,We need help there's been a flash flood!, natural_disasters
625,We're in danger there's been a forest fire!, natural_disasters
626,We need assistance there's been a thunderstorm!, natural_disasters
627,We need help there's been a hailstorm!, natural_disasters
628,We're trapped please send help!, natural_disasters
629,We need assistance there's been a landslide!, natural_disasters
630,Can someone please call for help there's been a volcanic eruption!, natural_disasters
631,We need help there's been a tornado!, natural_disasters
632,We're in trouble there's been a hurricane!, natural_disasters
633,We need assistance there's been a wildfire!, natural_disasters
634,Please send help there's been an earthquake!, natural_disasters
635,We need help there's been a flood!, natural_disasters
636,We're stranded there's been a snowstorm!, natural_disasters
637,We need assistance there's been a drought!, natural_disasters
638,We're in danger there's been a typhoon!, natural_disasters
639,We need help there's been a heat wave!, natural_disasters
640,We need assistance there's been a cyclone!, natural_disasters
641,Can someone please call for help there's been a tsunami!, natural_disasters
642,We're trapped there's been a mudslide!, natural_disasters
643,We need help there's been a blizzard!, natural_disasters
644,We're in trouble there's been a flash flood!, natural_disasters
645,Please send assistance there's been a forest fire!, natural_disasters
646,We need help there's been a hailstorm!, natural_disasters
647,We're in danger there's been a thunderstorm!, natural_disasters
648,We need assistance there's been a volcanic eruption!, natural_disasters
649,We need help there's been a tornado!, natural_disasters
650,We're stranded there's been a flood!, natural_disasters
651,We need help there's been a hurricane!, natural_disasters
652,Hello I would like to report a lost person, lost_man
653,There's been a person missing for several hours can you help, lost_man
654,I'm worried about my friend who went missing in the park earlier today, lost_man
655,We were hiking and one of our group members got separated from us we can't find him, lost_man
656,parent and I can't locate my child please help me, lost_man
657,I found a lost child wandering around in the neighborhood can you assist, lost_man
658,I'm on a camping trip and I lost my way please help me get back to safety, lost_man
659,I saw a person wandering around aimlessly and looking confused can you check on them, lost_man
660,I'm concerned about my elderly neighbor who hasn't been seen for a while, lost_man
661,park ranger and I've noticed a hiker who hasn't returned can you help locate them, lost_man
662,We went on a picnic and my partner has gone missing, lost_man
663,caretaker for a special needs individual who has wandered away from home can you help find them, lost_man
664,We were on a boat trip and my friend fell overboard we can't locate him, lost_man
665,teacher and one of my students is missing can you help locate them, lost_man
666,I'm on a road trip and I lost my way can you guide me back to safety, lost_man
667,security guard and I noticed someone suspiciously wandering around the building can you investigate, lost_man
668,hiker and I lost my trail can you help me get back to my starting point, lost_man
669,caretaker for a patient who has gone missing from the hospital can you help find them, lost_man
670,business owner and I noticed someone on my property who looks lost can you assist them, lost_man
671,resident in the neighborhood and I noticed an elderly person wandering around aimlessly can you help them, lost_man
672,delivery driver and I found a lost child on the side of the road can you help, lost_man
673,pet owner and my dog ran away can you help me find him, lost_man
674,jogger and I found a lost phone can you help find the owner, lost_man
675,store owner and an elderly person came in looking lost and confused can you assist them, lost_man
676,parent and my child didn't come home from school can you help locate them, lost_man
677,hotel staff member and a guest has been missing for a few hours can you help locate them, lost_man
678,maintenance worker and I found a lost wallet can you help return it to the owner, lost_man
679,volunteer at a community event and one of the attendees has gone missing can you help find them, lost_man
680,lifeguard and I can't locate one of the swimmers in the water can you help find them, lost_man
681,public transportation operator and a passenger has gone missing can you help locate them, lost_man
682,tour guide and one of my tourists has gone missing can you help locate them, lost_man
683,worker at a construction site and a worker has gone missing can you help locate them, lost_man
684,caregiver and my patient has gone missing can you help locate them, lost_man
685,student and I can't find my friend who went missing after class can you help locate them, lost_man
686,driver and I saw a pedestrian who looked lost can you assist them, lost_man
687,security personnel and I noticed an unattended bag in a public area can you investigate, lost_man
688,neighbor and I noticed someone suspiciously wandering around in the area can you investigate, lost_man
689,traveler and I can't locate my luggage can you help me find it, lost_man
690,construction worker and one of our team members has gone missing can you help locate them, lost_man
691,park visitor and I saw a child wandering around alone can you help locate their parent or guardian, lost_man
692,librarian and a visitor is lost in the library can you help find them, lost_man
693,volunteer at a music festival and one of the attendees has gone missing can you help locate them, lost_man
694,hotel staff member and a guest has been missing for over 24 hours can you help locate them, lost_man
695,maintenance worker and I found a lost ID card can you help return it to the owner, lost_man
696,parent and my child with special needs is lost can you help locate them, lost_man
697,security guard and I noticed someone acting suspiciously in the parking lot can you investigate, lost_man
698,hiker and one of my group members got lost on the trail can you help locate them, lost_man
699,caregiver and my elderly patient with Alzheimer's is missing can you help locate them, lost_man
700,bus driver and one of my passengers has gone missing can you help locate them, lost_man
701,shopper and I found a lost purse can you help return it to the owner, lost_man
702,volunteer at a marathon and one of the runners has gone missing can you help locate them, lost_man
703,museum employee and a visitor is lost in the museum can you help find them, lost_man
704,pet owner and my cat is missing can you help locate them, lost_man
705,restaurant employee and a customer has been missing for a while can you help locate them, lost_man
706,student and I can't find my roommate can you help locate them, lost_man
707,performer and a member of the backstage crew is missing can you help locate them, lost_man
708,taxi driver and one of my passengers has gone missing can you help locate them, lost_man
709,volunteer at a fair and one of the vendors has gone missing can you help locate them, lost_man
710,warehouse employee and a colleague is missing can you help locate them, lost_man
711,fisherman and one of my crew members is missing can you help locate them, lost_man
712,tour guide and one of my tourists is lost in a foreign country can you help locate them, lost_man
713,caregiver and my patient with dementia has gone missing can you help locate them, lost_man
714,truck driver and one of my coworkers is missing can you help locate them, lost_man
715,camp counselor and one of the campers is missing can you help locate them, lost_man
716,zookeeper and one of the animals has escaped can you help locate them, lost_man
717,beachgoer and I saw a lost child near the water can you help locate their parents, lost_man
718,park ranger and a visitor is lost in the park can you help find them, lost_man
719,store employee and a customer's child is lost in the store can you help locate them, lost_man
720,farmer and one of my workers is missing can you help locate them, lost_man
721,warehouse supervisor and a truck driver is missing can you help locate them, lost_man
722,hotel guest and my friend is lost in the hotel can you help locate them, lost_man
723,construction supervisor and a worker is missing can you help locate them, lost_man
724,teacher and one of my students is missing can you help locate them, lost_man
725,volunteer at a community center and a member is missing can you help locate them, lost_man
726,parent and my child is lost in a crowded area can you help locate them, lost_man
727,park visitor and I saw a lost elderly person can you help locate their family, lost_man
728,pet owner and my dog ran away during a walk can you help locate them, lost_man
729,shopper and I saw a lost child wandering around the mall can you help locate their parents, lost_man
730,volunteer at a shelter and one of the animals is missing can you help locate them, lost_man
731,driver and I saw a lost person on the side of the road can you help locate them, lost_man
732,flight attendant and a passenger is missing from the flight can you help locate them, lost_man
733,volunteer at a senior center and one of the seniors is missing can you help locate them, lost_man
734,hotel employee and a guest has been missing for several hours can you help locate them, lost_man
735,parent and my child with autism is lost can you help locate them, lost_man
736,worker at a construction site and a colleague is missing can you help locate them, lost_man
737,park visitor and I found a lost child can you help locate their parents, lost_man
738,volunteer at a hospital and a patient is missing can you help locate them, lost_man
739,caregiver and my patient with a mental health condition has gone missing can you help locate them, lost_man
740,pet owner and my bird is missing can you help locate them, lost_man
741,volunteer at a soup kitchen and one of the guests is missing can you help locate them, lost_man
742,park ranger and a hiker is lost on the trail can you help locate them, lost_man
743,retail employee and a customer is missing in the store can you help locate them, lost_man
744,volunteer at a library and a visitor is lost in the library can you help find them, lost_man
745,volunteer at a shelter and a staff member is missing can you help locate them, lost_man
746,student and my classmate is missing can you help locate them, lost_man
747,bus driver and a passenger has been missing since the last stop can you help locate them, lost_man
748,park visitor and I found a lost dog can you help locate their owner, lost_man
749,worker at a factory and a coworker is missing can you help locate them, lost_man
750,volunteer at a charity event and a volunteer is missing can you help locate them, lost_man
751,parent and my toddler is lost in a busy area can you help locate them, lost_man
752,I don't know where I am., lost_man
753,I got lost and can't find my way back., lost_man
754,I'm lost and don't know how to get back to my hotel., lost_man
755,I think I'm lost in this park., lost_man
756,I can't find my friends and I'm lost., lost_man
757,I'm lost and my phone battery is dead., lost_man
758,I went hiking and got lost on the trail., lost_man
759,I'm lost and I need help finding the train station., lost_man
760,I'm lost and I don't speak the local language., lost_man
761,I'm lost in this maze of streets., lost_man
762,Can you help me find my way back to the museum?, lost_man
763,I think I took the wrong turn and now I'm lost., lost_man
764,I'm lost and I don't have a map., lost_man
765,I'm lost and I'm getting anxious., lost_man
766,I'm lost and I need help finding my car., lost_man
767,I don't know how to get back to the city center and I'm lost., lost_man
768,I'm lost in this unfamiliar neighborhood., lost_man
769,Can you help me find my way to the nearest hotel?, lost_man
770,I'm lost and I'm afraid I won't find my way back., lost_man
771,I don't remember how I got here and now I'm lost., lost_man
772,I'm lost and I need help finding the nearest bus stop., lost_man
773,Can you give me directions to the nearest subway station?, lost_man
774,I got off at the wrong stop and now I'm lost., lost_man
775,I'm lost and I can't read the signs., lost_man
776,I'm lost and I need to find my way to the airport., lost_man
777,I'm lost and I don't know how to get to the stadium., lost_man
778,I'm lost and I don't have any money for a taxi., lost_man
779,I'm lost and I need to find a police station., lost_man
780,Can you help me find my way to the hospital?, lost_man
781,I'm lost and I'm running out of time., lost_man
782,I'm lost and I'm getting cold and tired., lost_man
783,I'm lost and I need to find my way to the embassy., lost_man
784,I'm lost and I'm afraid of getting robbed., lost_man
785,I'm lost and I don't know how to get to the concert hall., lost_man
786,Can you help me find my way to the university?, lost_man
787,I'm lost and I need to find the nearest restaurant., lost_man
788,I'm lost and I need to find a restroom., lost_man
789,I'm lost and I don't have any identification., lost_man
790,Can you help me find my way to the train station?, lost_man
791,I'm lost and I need to find the nearest pharmacy., lost_man
792,I'm lost and I need to find my way to the convention center., lost_man
793,I'm lost and I'm starting to panic., lost_man
794,I'm lost and I need to find the nearest ATM., lost_man
795,Can you give me directions to the nearest gas station?, lost_man
796,I'm lost and I don't have any water., lost_man
797,I'm lost and I don't know how to get back to my campsite., lost_man
798,I'm lost and I need to find the nearest store., lost_man
799,I'm lost and I'm getting hungry., lost_man
800,I'm lost and I don't know how to get back to my boat., lost_man
801,Can you help me find my way to the embassy?, lost_man
802,Passenger's flight is delayed provide update, airport_emergencies
803,Passenger has missed their fligh, airport_emergencies
804,Passenger's luggage is damage, airport_emergencies
805,Passenger has lost their passpor, airport_emergencies
806,Passenger is stranded at the airpor, airport_emergencies
807,Passenger needs information on connecting flight, airport_emergencies
808,Passenger needs assistance with visa requirements provide informatio, airport_emergencies
809,Passenger needs help with customs clearanc, airport_emergencies
810,Passenger has a medical emergency provide urgent assistanc, airport_emergencies
811,Passenger needs help with immigratio, airport_emergencies
812,Passenger needs information on airport facilitie, airport_emergencies
813,Passenger needs help with rental ca, airport_emergencies
814,Passenger needs help with public transportatio, airport_emergencies
815,Passenger needs assistance with pet transportatio, airport_emergencies
816,Passenger needs help with a lost ite, airport_emergencies
817,Passenger has a complaint about airport service, airport_emergencies
818,Passenger needs help with a rental car acciden, airport_emergencies
819,Passenger has an issue with their boarding pas, airport_emergencies
820,Passenger needs help with their online check-i, airport_emergencies
821,Passenger has a concern about airport securit, airport_emergencies
822,Passenger needs help with their carry-on luggag, airport_emergencies
823,Passenger has a question about airport parkin, airport_emergencies
824,Passenger needs help with their pre-booked service, airport_emergencies
825,Passenger has a complaint about the airport staf, airport_emergencies
826,needs information on airport regulation, airport_emergencies
827,needs help with their baggage check-i, airport_emergencies
828,has a question about their itinerar, airport_emergencies
829,needs help with their duty-free purchas, airport_emergencies
830,has a concern about their flight statu, airport_emergencies
831,needs help with their in-flight entertainmen, airport_emergencies
832,has a complaint about their airline's customer servic, airport_emergencies
833,needs assistance with their wheelchair renta, airport_emergencies
834,has a concern about their airline's safety recor, airport_emergencies
835,needs help with their flight cancellatio, airport_emergencies
836,has a question about their flight itinerar, airport_emergencies
837,needs help with their flight dela, airport_emergencies
838,has a concern about their connecting fligh, airport_emergencies
839,needs assistance with their infant trave, airport_emergencies
840,has a complaint about their baggage handlin, airport_emergencies
841,needs help with their travel insurance clai, airport_emergencies
842,has a concern about their flight's environmental impac, airport_emergencies
843,needs assistance with their pet travel documentatio, airport_emergencies
844,has a question about their flight's baggage allowanc, airport_emergencies
845,needs help with their flight rebookin, airport_emergencies
846,has a concern about their flight's caterin, airport_emergencies
847,needs assistance with their lost and found clai, airport_emergencies
848,has a complaint about their airline's baggage polic, airport_emergencies
849,needs help with their airport transfe, airport_emergencies
850,has a concern about their airport's accessibilit, airport_emergencies
851,needs assistance with their missed connecting flight provid, airport_emergencies
852,There's a fire in the airport please send the fire departmen, airport_emergencies
853,There's a bomb threat in the airport please send the bomb squa, airport_emergencies
854,There's a gas leak in the airport please send the gas compan, airport_emergencies
855,There's a suspicious package in the airport please send the bomb squa, airport_emergencies
856,There's a medical emergency in the airport please send medical assistanc, airport_emergencies
857,There's a security breach in the airport please send security personne, airport_emergencies
858,There's an unattended bag in the airport please send security personne, airport_emergencies
859,There's a passenger who needs wheelchair assistance please send assistanc, airport_emergencies
860,There's a passenger who needs language translation assistance please send assistanc, airport_emergencies
861,There's a passenger who needs hearing aid assistance please send assistanc, airport_emergencies
862,Passenger needs wheelchair assistance send hel, airport_emergencies
863,Passenger needs translation assistance send hel, airport_emergencies
864,Passenger needs medical assistance send hel, airport_emergencies
865,Passenger needs security assistance send hel, airport_emergencies
866,Passenger needs baggage assistance send hel, airport_emergencies
867,Passenger has lost luggage send assistanc, airport_emergencies
868,Passenger needs currency exchange assistance send hel, airport_emergencies
869,Passenger needs taxi assistance send hel, airport_emergencies
870,Passenger needs shuttle bus assistance send hel, airport_emergencies
871,Passenger needs hotel booking assistance send hel, airport_emergencies
872,Passenger needs travel insurance assistance send hel, airport_emergencies
873,Passenger needs directions send assistanc, airport_emergencies
874,Passenger needs a map send assistanc, airport_emergencies
875,Passenger needs medical appointment send medical hel, airport_emergencies
876,Passenger needs legal assistance send hel, airport_emergencies
877,There's been a collision between two planes please send emergency services immediatel, airport_emergencies
878,There's a fire in the terminal please send fire and rescue service, airport_emergencies
879,There's a suspicious package in the baggage area please send bomb squad immediatel, airport_emergencies
880,There's a passenger experiencing a heart attack please send medical assistance urgentl, airport_emergencies
881,There's a passenger experiencing a severe allergic reaction please send medical assistance immediatel, airport_emergencies
882,There's a fuel spill on the runway please send hazmat team urgentl, airport_emergencies
883,There's a passenger threatening to detonate an explosive please send law enforcement urgentl, airport_emergencies
884,There's a passenger showing signs of Ebola please send medical assistance immediatel, airport_emergencies
885,There's a passenger unconscious in the restroom please send medical assistance immediatel, airport_emergencies
886,There's a power outage in the terminal please send electricians urgentl, airport_emergencies
887,water leak in the terminal please send maintenance staff urgentl, airport_emergencies
888,passenger who has fallen down the escalator please send medical assistance immediatel, airport_emergencies
889,passenger trapped in the elevator please send maintenance staff urgentl, airport_emergencies
890,passenger who has lost consciousness at the boarding gate please send medical assistance immediatel, airport_emergencies
891,passenger experiencing a severe panic attack please send medical assistance immediatel, airport_emergencies
892,passenger who has been injured by falling baggage please send medical assistance urgentl, airport_emergencies
893,passenger experiencing a severe asthma attack please send medical assistance immediatel, airport_emergencies
894,passenger who has become trapped in the jet bridge please send maintenance staff urgentl, airport_emergencies
895,passenger who has been bitten by a venomous snake please send medical assistance immediatel, airport_emergencies
896,passenger who has been hit by a luggage cart please send medical assistance urgentl, airport_emergencies
897,Excuse me I think I lost my passport., airport_emergencies
898,Can you help me find my gate? I'm running late for my flight., airport_emergencies
899,I can't find my luggage can you help me?, airport_emergencies
900,I need medical assistance I'm feeling dizzy., airport_emergencies
901,There's been a delay with my flight can you help me reschedule my connecting flight?, airport_emergencies
902,My flight got cancelled what can I do?, airport_emergencies
903,I missed my flight what should I do now?, airport_emergencies
904,I need to change my ticket to an earlier flight can you help me with that?, airport_emergencies
905,My luggage got damaged can you help me with that?, airport_emergencies
906,I need to store my luggage somewhere can you tell me where to go?, airport_emergencies
907,I think I left something on the plane can you help me find it?, airport_emergencies
908,Can you help me find a hotel nearby my flight got cancelled?, airport_emergencies
909,I need to make an international call where can I do that?, airport_emergencies
910,I need to book a rental car can you help me with that?, airport_emergencies
911,My flight got delayed and I'm traveling with a minor can you help me with accommodation?, airport_emergencies
912,My flight is overbooked can you help me find another flight?, airport_emergencies
913,I need to cancel my flight what is the process for that?, airport_emergencies
914,I lost my boarding pass can you help me with that?, airport_emergencies
915,Can you help me find a charging station for my phone?, airport_emergencies
916,I need to exchange currency where can I do that?, airport_emergencies
917,My luggage is overweight can you help me reduce the weight?, airport_emergencies
918,I need assistance with my wheelchair can you help me with that?, airport_emergencies
919,My luggage is missing what should I do?, airport_emergencies
920,I need to store my luggage for a few hours can you help me with that?, airport_emergencies
921,I missed my connecting flight what can I do now?, airport_emergencies
922,Can you help me find a taxi or a shuttle service?, airport_emergencies
923,My flight got diverted what should I do?, airport_emergencies
924,I need help with my baby's stroller can you help me with that?, airport_emergencies
925,I'm feeling sick can you help me with medical assistance?, airport_emergencies
926,I need to print my boarding pass where can I do that?, airport_emergencies
927,I have a question about customs can you help me with that?, airport_emergencies
928,I need to check in my luggage where can I do that?, airport_emergencies
929,Can you help me with a lost and found item?, airport_emergencies
930,My flight was delayed and I missed my train can you help me with that?, airport_emergencies
931,I have a question about my visa can you help me with that?, airport_emergencies
932,My flight got diverted and I missed my hotel reservation can you help me find a new hotel?, airport_emergencies
933,I need to reschedule my flight can you help me with that?, airport_emergencies
934,Can you help me find a restaurant or a caf?, airport_emergencies
935,I need to make a complaint can you direct me to the appropriate department?, airport_emergencies
936,My passport is expired can you help me with that?, airport_emergencies
937,I need assistance with my pets can you help me with that?, airport_emergencies
938,I lost my phone can you help me with that?, airport_emergencies
939,I need to book a hotel can you help me with that?, airport_emergencies
940,Can you help me find a smoking area?, airport_emergencies
941,My luggage got stolen what should I do?, airport_emergencies
942,I need to board with my baby can you help me with that?, airport_emergencies
943,I need to board with my emotional support animal can you help me with that?, airport_emergencies
944,I need to change my seat can you help me with that?, airport_emergencies
945,My flight was delayed and I missed my passport, airport_emergencies
946,My passport is expired can you help me with that?, airport_emergencies
947,There's a fight happening please send hel, violence
948,Someone is being robbed please send hel, violence
949,There's been a stabbing we need hel, violence
950,I'm being attacked please send hel, violence
951,There's been a violent crime please send hel, violence
952,I need assistance someone is being physically aggressiv, violence
953,Please send police there's been a hit and ru, violence
954,Someone is being harassed please hel, violence
955,There's been a break-in please send hel, violence
956,I'm in danger there's been a shootin, violence
957,There's been a hostage situation we need hel, violence
958,Someone is being assaulted please send hel, violence
959,There's been a carjacking please send hel, violence
960,I need help there's been a muggin, violence
961,Please send help someone is being threatened with a weapo, violence
962,There's been a home invasion please send hel, violence
963,Someone is being followed please hel, violence
964,There's been a hate crime we need hel, violence
965,I'm in danger someone is being violen, violence
966,Please send help there's been a rio, violence
967,Someone is being attacked with a weapon please hel, violence
968,There's been a kidnapping we need hel, violence
969,I need help someone is being held against their wil, violence
970,Please send help there's been a drive-by shootin, violence
971,There's been a sexual assault we need hel, violence
972,I'm in danger there's been a home invasio, violence
973,There's been a bomb threat please send hel, violence
974,Someone is being threatened with a gun please hel, violence
975,There's been a child abduction we need hel, violence
976,I need help there's been a violent altercatio, violence
977,Please send help there's been a physical attac, violence
978,Someone is being held at gunpoint please hel, violence
979,There's been a gang fight we need hel, violence
980,I'm in danger there's been a violent inciden, violence
981,Please send help there's been a hate crim, violence
982,Someone is being attacked by a group please hel, violence
983,There's been a terrorist attack we need hel, violence
984,I need help someone is being bullie, violence
985,Please send help there's been a school shootin, violence
986,There's been a violent disturbance we need hel, violence
987,Someone is being assaulted by a family member please hel, violence
988,There's been a road rage incident we need hel, violence
989,I'm in danger someone is threatening to harm m, violence
990,Please send help there's been a stabbing at a public plac, violence
991,Someone is being beaten please hel, violence
992,There's been a hit and run we need hel, violence
993,I need help there's been a violent protes, violence
994,Please send help there's been a home invasion with weapon, violence
995,There's been a workplace violence incident we need hel, violence
996,I'm in danger there's been a shooting at a concer, violence
997,Please send help there's been a mass shootin, violence
998,Help violence There's a violent altercation happening outside my hous, violence
999,Please come quickly someone is being attacke, violence
1000,I need emergency assistance there's a fight breaking out in the stree, violence
1001,Please send help there's an aggressive individual causing troubl, violence
1002,There's a violent disturbance happening at the local park please send assistanc, violence
1003,Please hurry there's a physical altercation happening at the gas statio, violence
1004,Someone is being beaten up please send help immediatel, violence
1005,Please send the police there's a group of people causing chaos in the neighborhoo, violence
1006,There's a dangerous situation unfolding please send assistance right awa, violence
1007,Help violence I just witnessed a violent crime please send help quickl, violence
1008,Please come quickly there's a man threatening people with a weapo, violence
1009,There's a domestic violence situation happening next door please send the polic, violence
1010,Please send assistance someone is being attacked with a knif, violence
1011,There's a violent protest happening downtown please send the authoritie, violence
1012,Help violence There's a group of people fighting outside my apartment buildin, violence
1013,Please come quickly there's an assault happening in the parking lo, violence
1014,I need help there's a man with a gun in the buildin, violence
1015,Please send help there's a woman being attacked in the alleywa, violence
1016,There's a gang fight happening in the park please send assistanc, violence
1017,Help violence There's a robbery in progress please send the polic, violence
1018,Please send help there's a man causing destruction in the stor, violence
1019,There's a dangerous situation happening at the nightclub please send assistanc, violence
1020,Help violence There's a man threatening me with violenc, violence
1021,Please come quickly there's a physical altercation happening on the street corne, violence
1022,I need help there's a group of people causing a disturbance at the mal, violence
1023,Please send the police there's a group of people fighting in the parking lo, violence
1024,There's a violent gang causing trouble at the high school please send assistanc, violence
1025,Help violence There's a woman screaming for help in the par, violence
1026,Please come quickly there's a man attacking people with a weapo, violence
1027,I need emergency assistance there's a violent incident happening at the ba, violence
1028,Please send help there's a domestic violence situation happening in the apartment comple, violence
1029,There's a dangerous situation happening at the bank please send assistanc, violence
1030,Help violence There's a violent person causing chaos in the stor, violence
1031,Please come quickly there's a group of people fighting in the stree, violence
1032,There's a violent situation happening at the construction site please send assistanc, violence
1033,Please send the police there's a man with a weapon causing a disturbanc, violence
1034,There's a dangerous situation happening at the university please send hel, violence
1035,Help violence There's a group of people vandalizing my propert, violence
1036,Please come quickly there's a man with a knife in the par, violence
1037,I need help there's a woman being attacked by her partne, violence
1038,Please send assistance there's a man threatening people with a weapon in the stor, violence
1039,There's a violent situation happening at the gas station please send hel, violence
1040,Help violence There's a group of people causing chaos at the sports stadiu, violence
1041,Please come quickly there's a violent altercation happening at the train statio, violence
1042,There's a dangerous situation happening at the concert please send assistanc, violence
1043,Please send the police there's a group of people fighting in the restauran, violence
1044,There's a violent situation happening at the airport please send hel, violence
1045,Please send help immediately I fear for my safet, violence
1046,I need the police here as soon as possib, violence
1047,Please hurry there's been an attack and I need assistan, violence
1048,I need help there's been a violent attack., violence
1049,Someone is being physically hurt please send help immediately., violence
1050,I'm afraid for my safety there's an aggressive person here., violence
1051,There's a domestic dispute happening and it's getting violent., violence
1052,I'm witnessing a violent crime please send help right away., violence
1053,I'm being threatened with violence and I need help., violence
1054,Someone is being held against their will and is in danger of being harmed., violence
1055,There's an armed person here and I'm afraid they might hurt someone., violence
1056,There's a physical fight happening and I need assistance to stop it., violence
1057,I'm a victim of physical assault and I need medical and legal help., violence
1058,Someone is being sexually assaulted and needs help immediately., violence
1059,A child is being physically abused and needs protection., violence
1060,Someone is being bullied and harassed and I'm afraid it might escalate into violence., violence
1061,I'm in a domestic violence situation and I need help to escape., violence
1062,There's a group of people attacking someone and I need help to stop them., violence
1063,I'm witnessing an act of terrorism and I need help to stay safe., violence
1064,Someone is being robbed at gunpoint and needs immediate assistance., violence
1065,There's a riot happening and people are being injured please send help., violence
1066,There's a shooter here and I'm afraid for my life and others' lives., violence
1067,I'm being stalked and threatened and I need help to stay safe., violence
1068,Someone is attempting suicide and needs immediate intervention., violence
1069,There's a hostage situation and people's lives are in danger., violence
1070,I'm being harassed and threatened online and I need help to stop it., violence
1071,There's a hate crime happening and I'm afraid for my safety and others'., violence
1072,I'm witnessing animal abuse and I need help to stop it., violence
1073,I'm being threatened by a group of people and I need help to stay safe., violence
1074,There's a dangerous and unstable person here and I'm afraid they might harm someone., violence
1075,I'm being physically restrained against my will and I need help to get away., violence
1076,Someone is being forced into prostitution and needs help to escape., violence
1077,I'm witnessing elder abuse and I need help to protect the victim., violence
1078,There's a drug-related violence happening and I need help to stay safe., violence
1079,Someone is being threatened and coerced into committing a crime and needs help to escape., violence
1080,There's a hate group gathering here and I'm afraid they might become violent., violence
1081,I'm being discriminated against and harassed because of my identity and I need help to stop it., violence
1082,There's a suspicious and potentially dangerous package or substance here and I need help to handle it safely., violence
1083,I'm being threatened and blackmailed and I need help to protect myself., violence
1084,Someone is being forced into labor and needs help to escape., violence
1085,I'm being threatened and extorted and I need help to get out of the situation., violence
1086,There's a dangerous and aggressive animal here and people are in danger., violence
1087,Someone is being trafficked and needs help to escape., violence
1088,I'm being threatened and harassed by a neighbor and I need help to stay safe., violence
1089,There's a dangerous and reckless driver on the road and people are in danger., violence
1090,Someone is being harassed and discriminated against at work and needs help to stop it., violence
1091,I'm being threatened and intimidated by a gang and I need help to stay safe., violence
1092,There's a gas leak or chemical spill and people are in danger., violence
1093,Someone is being scammed and defrauded and needs help to stop it., violence
1094,Someone is breaking into my car. Please help me!, violence
1095,I'm being threatened by someone with a weapon. Please send help!, violence
1096,There's a domestic violence situation happening next door. Can you help?, violence
1097,I'm being threatened by my neighbor. Please send help!, violence
1098,There's a stray dog that's been hit by a car can you send help?, animals
1099,There's a cat stuck in a tree can you send someone to help?, animals
1100,There's a horse running loose on the highway it's causing a lot of danger please send someone to help., animals
1101,There's a bear wandering around the neighborhood can you send wildlife control to help?, animals
1102,There's a group of geese in the middle of the road causing a traffic jam please send someone to help., animals
1103,A deer has been hit by a car it's still alive but in a lot of pain can you send help?, animals
1104,There's a bird with a broken wing on my porch can you send someone to help?, animals
1105,There's a dog barking non-stop in my neighbor's yard it sounds like it's in distress can you send someone to check on it?, animals
1106,There's a swarm of bees in a public area it's causing a lot of panic can you send someone to help?, animals
1107,There's a snake in my backyard it looks poisonous can you send someone to remove it?, animals
1108,There's a fox that's been hit by a car it's still alive but in a lot of pain can you send help?, animals
1109,There's a stray cat that's been stuck in a storm drain for hours can you send someone to help?, animals
1110,There's a group of cows blocking the road please send someone to help move them., animals
1111,There's a dog trapped in a hot car it's been there for a while and doesn't look well can you send someone to help?, animals
1112,There's a raccoon that's stuck in a dumpster can you send someone to help it get out?, animals
1113,There's a bird that's flown into my house and can't find its way out can you send someone to help catch it and release it outside?, animals
1114,There's a stray dog that's been attacked by another animal it's bleeding badly can you send help?, animals
1115,horse stuck in a ditch it can't get out on its own can you send someone to help?, animals
1116,cat that's been missing for a few days can you send someone to help look for it?, animals
1117,bird that's been tangled up in some fishing line it's struggling to fly can you send someone to help?, animals
1118,group of stray dogs that are aggressive and causing a lot of trouble please send someone to help., animals
1119,dog that's been stuck in a fence it can't get itself out can you send someone to help?, animals
1120,cow that's fallen into a pond it can't get out on its own can you send someone to help?, animals
1121,skunk that's wandering around the neighborhood it's causing a lot of concern can you send someone to help?, animals
1122,bird that's been hit by a car it's still alive but in a lot of pain can you send help?, animals
1123,stray dog that's been hit by a car it's bleeding badly can you send help?, animals
1124,cat that's been stuck in a tree for a few days can you send someone to help?, animals
1125,group of monkeys that have escaped from a zoo they're causing a lot of trouble please send someone to help., animals
1126,Help! dog trapped in a fence!, animals
1127,cat stuck in a tree can you send someone to help?, animals
1128,A horse has gotten loose and is running down the street!, animals
1129,baby bird that has fallen out of its nest can you send someone to rescue it?, animals
1130,snake in my backyard and I don't know what to do!, animals
1131,Help! skunk in my garage and I can't get it out!, animals
1132,I hit a deer with my car and it's badly injured can you send someone to help?, animals
1133,raccoon in my backyard and it's acting aggressively., animals
1134,group of ducks that have fallen into a storm drain can you send someone to help?, animals
1135,I found a stray dog wandering around and it looks like it's been injured., animals
1136,dog locked in a hot car can you send someone to rescue it?, animals
1137,cat that's been meowing outside my house for hours it sounds distressed., animals
1138,Help! bear in my yard and it's getting too close to my house., animals
1139,bird that's gotten tangled in some power lines can you send someone to rescue it?, animals
1140,I found a dog that's been hit by a car and it's badly injured., animals
1141,group of geese that are blocking traffic can you send someone to help?, animals
1142,cow that's gotten loose and is walking down the street!, animals
1143,baby deer that's been separated from its mother can you send someone to help?, animals
1144,stray dog that's been hanging around my house for a few days it looks sick., animals
1145,bat that's gotten into my house can you send someone to remove it safely?, animals
1146,Help! fox in my backyard and it's acting aggressively., animals
1147,bird that's flown into my window and it's injured can you send someone to help?, animals
1148,dog that's been barking nonstop for hours it sounds like it's in distress., animals
1149,group of goats that have gotten loose and are wandering around the neighborhood., animals
1150,deer that's been hit by a car and it's badly injured., animals
1151,Help! coyote in my backyard and it's getting too close to my pets., animals
1152,bird that's fallen into my pool and it can't get out., animals
1153,stray cat that's been hanging around my house and it looks like it's injured., animals
1154,group of turkeys that are blocking the road can you send someone to help?, animals
1155,dog that's been tied up outside in the cold and it looks like it's in distress., animals
1156,Help! wild boar in my backyard and it's getting too close to my kids., animals
1157,bird that's gotten trapped in my chimney can you send someone to rescue it?, animals
1158,skunk that's gotten into my house and I can't get it out!, animals
1159,group of sheep that have gotten loose and are wandering around the streets., animals
1160,cat that's been stuck on my roof for hours and it can't get down., animals
1161,bird that's gotten tangled in a fishing line can you send someone to rescue it?, animals
1162,dog trapped in a fence can you send someone to help?, animals
1163,I found a stray cat wandering around can someone come pick it up?, animals
1164,horse on the loose in the neighborhood we need help to catch it., animals
1165,I saw a bird with a broken wing can someone come and rescue it?, animals
1166,I found a baby deer that seems to be lost can you send someone to help it?, animals
1167,A family of ducks fell into a storm drain we need someone to help them get out., animals
1168,snake in my backyard can someone come and safely remove it?, animals
1169,I found a sick raccoon in my backyard can someone come and take care of it?, animals
1170,A group of goats escaped from a local farm and are causing traffic problems can you help?, animals
1171,swarm of bees that have taken over a tree can someone come and remove them safely?, animals
1172,I found a lost dog with no collar can you send someone to come get it?, animals
1173,A mother cat and her kittens are trapped in a tree we need help to rescue them., animals
1174,A group of geese are blocking the road we need help to clear the way., animals
1175,A dog fell into a lake and can't get out we need someone to help rescue it., animals
1176,bird stuck in a chimney can someone come and free it?, animals
1177,A cat is stuck on a roof can someone come and rescue it?, animals
1178,A horse has fallen into a ditch we need help to get it out., animals
1179,A bird is trapped in a store can someone come and safely remove it?, animals
1180,deer stuck in a fence can you send someone to help?, animals
1181,I found an injured possum in my backyard can someone come and take care of it?, animals
1182,A group of dogs are barking non-stop and seem distressed we need help to calm them down., animals
1183,A family of raccoons are living in my attic can someone come and safely remove them?, animals
1184,bat in my house can someone come and safely remove it?, animals
1185,I found a baby squirrel that seems to be abandoned can someone come and take care of it?, animals
1186,A group of sheep are blocking the road we need help to clear the way., animals
1187,A cat is stuck in a tree can someone come and rescue it?, animals
1188,A dog is trapped under a car we need help to rescue it safely., animals
1189,A group of turkeys are wandering in the street we need help to clear the way., animals
1190,skunk in my backyard can someone come and safely remove it?, animals
1191,A mother duck and her ducklings are stuck in a drain we need help to rescue them., animals
1192,A group of cows escaped from a nearby farm and are causing traffic problems can you help?, animals
1193,snake in my garage can someone come and safely remove it?, animals
1194,I found a hurt rabbit in my garden can someone come and take care of it?, animals
1195,A group of chickens are blocking the road we need help to clear the way., animals
1196,A dog is stuck in a fence can someone come and rescue it?, animals
1197,my dog is sick, animals
1198,my cat died, animals
1199,There's a stray dog on my street can you help?, animals
1200,My cat is stuck in a tree what should I do?, animals
1201,I found an injured bird who should I call?, animals
1202,My neighbor's dog keeps barking all night can you do something about it?, animals
1203,There's a deer on the highway it looks injured., animals
1204,I think my pet snake is sick what should I do?, animals
1205,I saw a horse running loose on the road it might cause an accident., animals
1206,My friend's dog bit me what should I do?, animals
1207,There's a dead raccoon on the sidewalk who should I call to remove it?, animals
1208,I found a turtle crossing the street how can I help it?, animals
1209,My neighbor's cat is always in my yard can you do something about it?, animals
1210,I hit a deer with my car what should I do now?, animals
1211,My dog is missing can you help me find it?, animals
1212,There's a family of ducks in my swimming pool how can I safely relocate them?, animals
1213,I accidentally hit a bird with my lawnmower what should I do?, animals
1214,My son is allergic to our new puppy what should we do?, animals
1215,I saw a dog locked in a hot car can you help rescue it?, animals
1216,There's a swarm of bees in my backyard what should I do?, animals
1217,My cat ate something it shouldn't have is it an emergency?, animals
1218,My neighbor's dog keeps digging holes in my garden what can I do?, animals
1219,There's a skunk in my garage how can I safely remove it?, animals
1220,My dog got into a fight with another dog what should I do?, animals
1221,I found a stray cat can you help me find its owner?, animals
1222,There's a possum in my trashcan how can I safely get rid of it?, animals
1223,My neighbor's dog won't stop howling it's driving me crazy., animals
1224,I hit a squirrel with my car what should I do?, animals
1225,My dog swallowed a toy what should I do?, animals
1226,There's a dead bird in my yard who should I call to remove it?, animals
1227,I think my pet rabbit is sick what should I do?, animals
1228,My cat scratched me do I need to go to the hospital?, animals
1229,There's a wild animal in my attic how can I safely remove it?, animals
1230,I found a lost dog can you help me find its owner?, animals
1231,My dog keeps eating grass is it bad for him?, animals
1232,There's a snake in my pool how can I safely remove it?, animals
1233,I accidentally hit a rabbit with my bike what should I do?, animals
1234,My neighbor's cat keeps attacking my pet rabbit what can I do?, animals
1235,There's a bat in my house how can I safely remove it?, animals
1236,My dog has a fever what should I do?, animals
1237,I found a stray dog can you help me find it a home?, animals
1238,There's a beehive in my yard how can I safely get rid of it?, animals
1239,My neighbor's dog keeps escaping from their yard what can I do?, animals
1240,There's a stray cat outside my house can you help it?, animals
1241,I think my pet hamster is choking what should I do?, animals
1242,My dog has fleas what should I do?, animals
1243,My cat has been hit by a car I need help immediately!, animals
1244,There's a possum in my yard and it's not moving., animals
1245,I found a lost dog and it has no collar or identification., animals
1246,My dog is in labor and I need a veterinarian urgently., animals
1247,There's a skunk in my yard and I'm afraid it will spray me or my pets., animals
1248,My neighbor's dog is constantly running loose and causing problems., animals

